{"cameraMode":{"drawMode":0,"name":"Shaded","section":"Shading Mode"},"sceneLighting":true,"audioPlay":false,"sceneViewState":{"m_AlwaysRefresh":false,"showFog":true,"showSkybox":true,"showFlares":true,"showImageEffects":true,"showParticleSystems":true,"showVisualEffectGraphs":true,"m_FxEnabled":true},"in2DMode":false,"pivot":{"x":1.816213846206665,"y":0.6915737390518189,"z":0.33217692375183108},"rotation":{"x":0.20396530628204347,"y":0.029364341869950296,"z":-0.0061205727979540829,"w":0.9785205125808716},"size":83.62957763671875,"orthographic":false}